"施設名","区","住所","0歳児受入予定","0歳児申込","1歳児受入予定","1歳児申込","2歳児受入予定","2歳児申込","3歳児受入予定","3歳児申込","4歳児受入予定","4歳児申込","5歳児受入予定","5歳児申込"
"認定こども園大谷オアシス保育園","中央区","大通西21",9,11,1,20,0,7,0,6,0,3,0,2
"認定こども園宮の森メープル保育園","中央区","宮の森4-10",3,9,3,12,3,5,2,4,2,3,4,2
"認定こども園札幌大谷幼稚園","中央区","南7西7",5,2,1,5,0,2,0,6,0,1,0,3
"認定こども園幌西そらいろ保育園","中央区","南9西20",9,15,9,33,0,11,0,10,0,7,0,3
"認定こども園札幌ルーテル幼稚園","中央区","南9西21",0,2,7,11,0,0,0,5,0,1,0,0
"認定こども園カトリック聖園こどもの家","中央区","北1東6",6,11,4,32,1,9,0,15,0,5,0,6
"認定こども園桑園幼稚園(R5.4.1開設)","中央区","北7西13",0,6,3,8,4,4,5,5,0,5,7,1
"たかさごスクール大通公園","中央区","大通東2",9,12,10,6,0,0,0,2,5,0,1,0
"札幌認定こども園","中央区","南1東7",6,13,2,9,1,4,2,3,1,0,1,0
"旭ヶ丘保育園","中央区","南13西23",15,8,10,11,9,4,0,2,0,3,0,1
"認定こども園北一条すずらん保育園","中央区","北1東10",6,8,3,15,1,1,0,1,0,0,0,0
"幼稚園型認定こども園大通幼稚園","中央区","大通西16","","","","","","",6,7,1,10,0,5
"認定こども園つぼみ幼稚園","中央区","南7西25","","","","","","",7,10,0,1,0,0
"認定こども園さゆり幼稚園(R5.4.1開設)","中央区","北4西23","","","","","","",6,2,0,5,0,2
"認定こども園マミーポッケ","中央区","南2東1",6,9,6,7,0,0,4,6,5,0,10,0
"伏見保育園","中央区","伏見1",2,4,6,7,2,3,1,1,2,2,2,0
"木育こどもの家 宮の森保育園","中央区","宮の森1-15",6,2,2,4,2,0,3,0,4,1,2,0
"宮の森保育園","中央区","宮の森2-5",7,0,6,0,6,1,0,0,0,0,0,1
"宮の森ライラック保育園","中央区","宮の森3-3",6,10,6,14,0,4,2,7,1,2,0,0
"札幌市大通保育園 / 札幌市大通保育園(夜間部)","中央区","大通東4",6,6,3,6,3,1,0,4,2,1,1,0
"札幌こども保育園","中央区","大通西9",6,13,1,9,1,1,0,3,0,0,0,0
"光塩大通り保育園","中央区","大通西14",3,6,3,12,0,1,9,14,0,1,13,0
"ニチイキッズ大通西18丁目保育園","中央区","大通西18",3,5,3,8,0,3,0,4,0,0,0,0
"ピッコロ子ども倶楽部円山園","中央区","大通西26",3,3,3,6,0,5,2,8,0,0,0,0
"札幌市しせいかん保育園 / 札幌市しせいかん保育園(夜間部)","中央区","南3西7",11,5,5,15,4,3,2,7,2,0,0,1
"NOVAインターナショナルスクール","中央区","南3東2",6,15,8,50,6,28,0,17,3,2,0,1
"さより保育園","中央区","南4西15",5,5,4,4,0,1,2,8,1,0,1,0
"札幌市中央区保育・子育て支援センター / (札幌市あけぼの保育園よりR5.4移転統合 / 予定)","中央区","南7西13",7,4,13,10,16,4,15,11,6,1,7,0
"愛育保育園","中央区","南7西18",9,10,3,13,2,6,0,9,2,1,2,0
"ニチイキッズ南まるやま保育園","中央区","南9西23",3,0,2,3,5,3,5,0,1,2,3,0
"山鼻保育園","中央区","南12西8",14,11,0,22,2,9,0,9,0,7,0,2
"こうさい保育園","中央区","南12西16",12,19,6,17,0,5,2,12,0,5,1,0
"啓明ともいき保育園","中央区","南14西18",8,10,5,14,3,3,2,7,0,3,0,0
"山鼻華園保育園","中央区","南18西11",8,15,4,25,1,7,2,12,0,1,0,1
"山鼻ひまわり保育園","中央区","南19西7",3,8,5,17,0,6,4,12,0,0,0,3
"アートチャイルドケア札幌山鼻","中央区","南19西12",3,6,8,8,5,3,0,4,1,1,1,2
"幌南華園保育園","中央区","南23西10",7,17,7,23,1,9,1,11,0,1,0,6
"札幌時計台雲母保育園","中央区","北1西2",6,13,6,11,0,1,0,1,0,0,0,1
"にこまるえん円山(R5.4.1開設)","中央区","北1西23",5,5,8,19,8,7,7,10,8,0,8,0
"駒鳥保育所","中央区","北1東8",9,14,6,19,0,5,2,5,2,1,3,0
"札幌ハイジ保育園苗穂保育ルーム","中央区","北3東13",3,4,3,8,2,0,3,3,2,1,4,0
"つくしの子共同保育所","中央区","北4西14",2,5,2,3,2,1,1,2,0,0,0,0
"太陽の子札幌中央保育園","中央区","北4西16",6,5,6,8,3,4,2,4,1,0,4,0
"札幌円山公園雲母保育園","中央区","北4西23",6,8,4,17,2,5,0,8,0,1,1,1
"アートチャイルドケア札幌桑園","中央区","北5西12",0,4,4,10,0,2,0,4,0,0,1,1
"救世軍桑園保育所","中央区","北5西14",5,1,4,2,3,0,2,1,1,0,1,1
"円山北町保育園","中央区","北5西27",6,5,4,12,1,4,0,10,1,0,1,0
"ちゃいれっく北7条西保育園","中央区","北7西22",4,2,4,9,0,0,1,4,1,0,1,1
"アスク桑園保育園","中央区","北8西18",6,4,5,21,0,2,0,5,0,1,1,0
"こどもプラザ青い鳥","中央区","北9西23",4,5,0,4,0,4,1,8,0,1,1,0
"吉田学園くりの木保育園","中央区","北11西17",12,3,9,17,1,3,1,1,6,1,0,0
"保育室ぱすてる","中央区","宮の森3-8",3,0,3,0,1,0,"","","","","",""
"第2ひまわり保育園","中央区","大通西13",2,2,2,0,1,0,"","","","","",""
"ひまわり保育園","中央区","大通西13",4,2,4,1,1,0,"","","","","",""
"たからの杜札幌医大前保育園","中央区","大通西17",2,0,4,1,4,0,"","","","","",""
"札幌モンテッソーリこどもの家","中央区","大通西20",2,3,4,10,0,1,"","","","","",""
"おーるまいてぃ円山保育室","中央区","南1西24",2,0,5,0,1,0,"","","","","",""
"ぴっころきっず円山裏参道","中央区","南1西24",1,0,2,2,4,0,"","","","","",""
"おーるまいてぃ中央保育室","中央区","南2西10",2,1,4,4,2,0,"","","","","",""
"スター保育園 南2条園","中央区","南2西13",2,1,0,2,2,0,"","","","","",""
"ぴっころきっず円山公園","中央区","南2西25",2,0,2,1,1,0,"","","","","",""
"スター保育園西屯田通園","中央区","南6西12",3,1,5,3,2,0,"","","","","",""
"さら~れ保育園","中央区","南6西23",3,0,3,1,2,0,"","","","","",""
"ぴっころきっず中島公園","中央区","南11西8",2,1,3,5,0,0,"","","","","",""
"伏見すみれ保育園","中央区","南14西16",3,1,6,2,1,0,"","","","","",""
"もりのなかま保育園札幌山鼻園","中央区","南15西11",2,3,2,3,2,0,"","","","","",""
"保育園こころん","中央区","南15西13",4,0,0,0,0,0,"","","","","",""
"保育園キッズランド札幌こうさい園","中央区","南15西18",4,2,7,3,1,0,"","","","","",""
"小規模保育所 夢ふうせん","中央区","南15西19",3,0,6,0,2,0,"","","","","",""
"山鼻にじのいろ保育園","中央区","南16西7",3,4,4,6,3,1,"","","","","",""
"S.T.ナーサリーSCHOOL山鼻南","中央区","南23西15",0,3,1,2,0,0,"","","","","",""
"こどもプラザ青い鳥円山園","中央区","北2西24",3,1,3,2,5,0,"","","","","",""
"カトリック聖園てんしのおうち","中央区","北2東7",4,10,4,19,0,2,"","","","","",""
"たからの杜円山保育園","中央区","北5西27",2,0,4,0,2,0,"","","","","",""
"スクルドエンジェル保育園北円山園","中央区","北6西26",3,0,3,1,0,0,"","","","","",""
"あいの里大藤幼稚園","北区","あいの里3-3",6,4,6,9,5,5,8,5,1,0,1,0
"認定こども園あいの里","北区","あいの里3-6、4-6",8,5,9,15,4,6,0,8,0,4,0,4
"認定こども園こころ篠路保育園","北区","篠路6-4",3,9,8,11,0,3,2,6,4,0,10,0
"認定こども園サンクパール幼稚園","北区","篠路7-6",6,6,12,16,0,5,2,10,1,3,1,4
"しんことに清香こども園","北区","新琴似11-5",7,11,7,23,7,9,3,9,1,0,1,1
"認定こども園こうほく(0・1・2歳分園含む)","北区","新琴似12-10",18,17,10,51,2,13,6,26,5,4,5,4
"認定こども園はなぞの","北区","新川1-2",5,13,9,38,0,11,0,18,0,13,6,16
"新川西さくらこ認定こども園","北区","新川西1-4",6,9,4,14,0,3,1,2,0,0,0,1
"認定こども園太平あずさ保育園","北区","太平4-3",6,5,9,22,0,6,2,8,0,1,0,2
"こども園ソレイユ","北区","拓北3-2",8,5,5,17,0,1,0,3,0,4,0,0
"認定こども園ひまわり","北区","拓北6-2",6,9,7,20,6,11,4,8,0,4,0,3
"幼保連携型認定こども園茨戸メリー幼稚園","北区","東茨戸37",3,1,3,2,4,2,7,1,0,3,0,1
"認定こども園メルシー学院","北区","屯田5-9",9,7,7,18,0,2,3,4,5,0,4,2
"認定こども園屯田すずらん保育園","北区","屯田6-4",10,8,6,18,1,4,4,6,0,4,0,1
"屯田おおふじ子ども園(0・1歳児分園含む)","北区","屯田8-7",9,10,4,20,4,4,1,6,4,4,2,2
"認定こども園太陽こころ幼稚園","北区","屯田9-3",5,8,5,20,7,5,1,10,0,3,0,6
"創成札幌こども園","北区","北15西1",5,8,12,18,3,4,0,4,0,4,1,2
"認定こども園麻生明星幼稚園","北区","麻生町4",3,4,8,14,1,4,7,5,2,0,0,1
"あいの里保育園","北区","あいの里2-2",9,2,2,10,4,5,2,2,3,0,2,0
"認定こども園あいの里せせらぎ保育園","北区","あいの里3-7",6,4,6,10,11,2,1,1,1,0,0,0
"あかつき篠路保育園","北区","篠路1-6",16,12,3,13,1,8,4,3,0,0,0,1
"認定こども園篠路中央保育園","北区","篠路2-9",12,2,6,8,2,1,1,1,2,0,0,1
"篠路高洋保育園","北区","篠路3-6",5,7,5,12,2,2,0,3,1,0,3,1
"新琴似中央保育園","北区","新琴似5-3",12,16,0,23,0,7,3,11,2,1,1,1
"三和新琴似保育園","北区","新琴似6-12",13,14,3,27,0,9,4,8,2,2,0,2
"きずな麻生保育園","北区","新琴似10-1",2,5,1,9,0,4,4,6,0,1,0,0
"もみの木にいな認定こども園","北区","新琴似10-3",3,8,4,6,0,1,0,2,0,1,0,0
"札幌こばと保育園","北区","新琴似11-15",8,10,6,21,3,9,2,6,2,1,2,2
"新川北保育園","北区","新川4-11",9,10,9,24,0,3,0,6,0,0,0,3
"こすもす認定こども園","北区","新川4-17",3,4,4,7,0,2,0,0,0,0,0,0
"認定こども園新川西コグマ保育園","北区","新川西3-5",6,5,6,16,3,8,0,1,2,0,1,0
"太平保育園","北区","太平11-1",14,9,1,12,3,6,1,6,2,0,2,0
"屯田桃の花こども園","北区","屯田9-3",6,10,5,20,3,6,0,8,0,2,0,3
"札幌未来保育園","北区","屯田9-10",8,10,5,15,3,3,0,4,0,0,0,1
"認定こども園風の子保育園","北区","百合が原4",4,1,5,4,1,0,0,2,0,0,0,0
"幌北中央保育園","北区","北20西3",8,12,6,19,6,4,2,6,5,1,3,1
"認定こども園しずく保育園","北区","北24西15",8,16,4,21,0,3,7,9,2,0,1,0
"白楊みどり保育園","北区","北25西6",9,24,3,27,0,11,0,6,2,0,4,0
"きずな北保育園","北区","北28条西5",1,6,2,10,1,8,2,6,4,0,0,0
"札幌北保育園","北区","北32西9",9,15,6,20,3,13,5,10,4,1,0,0
"エンジェル保育園","北区","北36西2",12,6,0,10,0,7,0,6,4,0,1,1
"認定こども園麻生保育園","北区","北39西3",8,9,7,36,1,7,2,11,0,1,0,2
"認定こども園新琴似幼稚園","北区","新琴似8-3","","","","","","",0,14,0,4,0,3
"認定こども園つよし幼稚園","北区","屯田3-3","","","","","","",3,2,4,2,4,2
"認定こども園札幌北幼稚園","北区","北33西11","","","","","","",5,6,0,2,0,2
"認定こども園英伸幼稚学院","北区","新琴似12-16","","",10,6,2,0,5,4,0,0,0,0
"あいの里第2協働保育園","北区","あいの里1-6",2,1,2,9,1,3,1,3,1,0,0,0
"つばさ保育園","北区","篠路9-1",2,0,2,0,1,1,2,1,1,0,3,0
"新琴似南保育園","北区","新琴似2-6",9,14,9,22,1,7,0,5,0,3,0,0
"アスク新琴似保育園","北区","新琴似7-2",9,13,8,24,3,10,0,4,0,1,0,1
"アートチャイルドケア新琴似(0・1歳分園含む)","北区","新琴似8-1",6,9,3,11,0,4,1,2,0,0,1,0
"札幌市新琴似保育園","北区","新琴似8-3","","",0,1,11,7,1,4,4,1,4,2
"スクルドエンジェル保育園新琴似園","北区","新琴似12-12",2,4,2,9,1,1,1,1,0,0,0,1
"札幌市新川保育園","北区","新川1-5",6,9,5,16,5,9,4,5,1,1,2,2
"S.T.ナーサリースクール新川西","北区","新川西2-7",3,4,3,11,0,0,0,1,0,0,8,0
"アイグラン保育園拓北","北区","拓北7-5",3,7,7,7,3,3,7,6,11,0,7,0
"ドリームキッズ保育園","北区","東茨戸1-1",3,5,6,2,0,0,0,0,0,0,0,1
"屯田南保育園","北区","屯田1-1",3,7,6,15,0,2,1,1,5,0,10,1
"元気っ子保育園・屯田南","北区","屯田3-5",5,8,12,21,1,2,0,8,8,2,14,1
"屯田保育園","北区","屯田5-6",7,5,6,17,1,5,0,3,1,0,0,1
"保育所おーるまいてぃ屯田園","北区","屯田6-10",2,3,2,5,4,1,1,3,0,0,0,0
"あいの里協働保育園","北区","南あいの里5",3,3,2,9,1,4,1,2,0,0,0,0
"アートチャイルドケア札幌百合が原","北区","百合が原1",6,6,5,14,3,1,1,3,3,0,0,0
"札幌はこぶね保育園","北区","北7西6",9,4,6,4,2,0,5,1,0,0,0,0
"愛和えるむ保育園","北区","北8西3",7,8,5,9,4,2,0,0,1,0,1,2
"ニチイキッズさっぽろ保育園","北区","北9西3",2,10,0,3,0,0,0,0,0,0,0,0
"子どもの園保育園","北区","北11西5",8,17,1,5,1,2,0,0,0,1,0,0
"アートチャイルドケア北大前","北区","北12西4",5,9,2,4,2,0,"","","","","",""
"ピッコロ子ども倶楽部北大前保育所","北区","北15西5",5,11,11,10,3,4,3,2,3,0,0,0
"幌北ゆりかご保育園","北区","北18西7",7,12,6,14,3,3,0,2,4,0,4,0
"札幌市北区保育・子育て支援センター","北区","北25西3",7,19,7,29,2,15,2,5,0,0,0,0
"はぐくみ保育園","北区","北26西3",4,9,6,8,4,11,0,2,4,0,0,0
"新陽保育園","北区","北26西15",3,9,6,11,0,4,2,5,3,1,0,0
"新川ひまわり保育園","北区","北28条西14",3,9,6,17,1,6,0,6,3,0,1,0
"札幌北はぐはぐ保育園","北区","北29西10",3,11,6,14,0,5,1,5,3,1,1,0
"アイグラン保育園北陽","北区","北30西4",3,12,8,14,0,8,0,6,3,0,0,0
"アートチャイルドケア札幌あいの里保育園","北区","あいの里4-5",2,2,3,0,3,1,"","","","","",""
"新琴似にじのいろ保育園","北区","新琴似5-2",4,1,4,4,0,0,"","","","","",""
"美友希保育園","北区","新琴似8-1",5,0,5,4,0,0,"","","","","",""
"きずな新琴似保育園","北区","新琴似11-4",2,0,1,4,0,1,"","","","","",""
"木育こどもの家新川園","北区","新川3-7",6,2,2,7,0,2,"","","","","",""
"太平桜の花保育園","北区","太平10-5",3,1,5,5,2,0,"","","","","",""
"木育こどもの家屯田園","北区","屯田6-7",4,0,1,3,0,0,"","","","","",""
"おーるまいてぃ屯田保育室","北区","屯田6-10",2,0,2,0,4,1,"","","","","",""
"オリオン","北区","南あいの里5",6,2,3,1,3,1,"","","","","",""
"バンビ保育園","北区","北22西4",2,1,5,4,2,2,"","","","","",""
"プチトマト保育室","北区","北23西5",2,2,3,4,0,2,"","","","","",""
"北24条はぐはぐ乳児保育園","北区","北25西4",5,1,0,2,0,1,"","","","","",""
"アンジェロ保育園","北区","北35西2",4,5,0,6,0,3,"","","","","",""
"麻生アンジェロ保育園","北区","北37西4",3,3,4,10,0,3,"","","","","",""
"保育室どんぐり","北区","北40西5",1,0,2,0,0,1,"","","","","",""
"幼保連携型認定こども園さつなえのもり","東区","東苗穂8-3",5,10,10,41,0,7,8,13,0,12,0,1
"幼保連携型認定こども園もえれのもり","東区","東苗穂11-2",5,9,12,33,0,3,3,8,2,4,0,0
"幼保連携型認定こども園東苗穂スパークル園","東区","東苗穂12-4",0,2,1,14,0,1,0,3,0,2,0,1
"幼保連携型認定こども園ふしこ幼稚園","東区","本町1-5",5,6,8,17,0,9,0,9,0,2,0,3
"幼保連携型認定こども園せいめいのもり","東区","北10東14",5,13,7,32,0,10,0,20,0,0,0,7
"認定こども園聖ミカエル幼稚園","東区","北19東3",3,9,3,13,0,3,0,9,0,1,0,0
"幼保連携型認定こども園さっぽろ夢","東区","北36東17",12,19,8,31,4,16,0,8,0,2,0,2
"幼保連携型認定こども園おかだまのもり","東区","北37東27",5,20,10,39,2,13,8,8,0,6,0,3
"認定こども園札幌愛珠","東区","北38東9",4,7,1,12,2,6,6,8,2,2,0,1
"認定こども園栄光幼稚園","東区","北44東2",3,12,6,27,0,6,3,6,0,2,0,3
"幼保連携型認定こども園しらゆき夢","東区","北46東14",9,12,9,27,0,1,0,6,0,1,0,0
"保育所型認定こども園丘珠ひばり保育園","東区","丘珠町593",10,6,6,6,4,4,2,3,0,0,1,1
"認定こども園中沼保育園","東区","中沼町72",2,5,5,5,0,1,0,1,0,0,1,2
"伏古かしわ保育園","東区","伏古4-4",7,13,12,17,0,3,0,7,1,1,0,1
"開成みどり保育園","東区","伏古7-2",7,16,3,27,2,9,0,2,0,1,0,0
"認定こども園本町保育園","東区","本町1-6",6,6,2,8,1,4,1,2,1,1,0,0
"認定こども園東苗穂保育園","東区","本町2-6",10,13,2,15,0,5,0,1,0,1,0,0
"光星友愛認定こども園","東区","北12東9",15,22,0,29,1,9,0,6,0,1,0,0
"認定こども園元町杉の子保育園","東区","北14東16",9,7,4,20,3,8,0,5,0,0,0,1
"札幌フラワー保育園","東区","北18東6",10,8,5,19,0,2,1,5,2,0,0,0
"開成いちい認定こども園","東区","北21東23",8,12,8,22,2,6,0,4,0,5,0,2
"元町みどり保育園","東区","北27東22",9,20,6,18,0,4,1,5,2,0,1,1
"北栄マスカット保育園","東区","北30東9",7,10,6,30,0,5,1,6,0,2,0,0
"北栄みどり保育園","東区","北32東13",9,19,13,26,0,5,0,6,0,2,0,0
"北栄保育園","東区","北35東5",9,10,6,15,5,8,0,1,0,0,0,2
"丘珠マスカット保育園","東区","北36東29",8,7,8,11,0,6,2,1,1,0,1,0
"栄町マスカット保育園","東区","北37東14",3,10,3,12,0,8,0,5,0,0,0,4
"麻生むつみこども園","東区","北38東1",6,10,1,18,0,5,0,4,0,2,0,0
"日の丸保育園","東区","北40東9",11,11,4,30,1,6,0,6,0,0,0,0
"認定こども園おひさまさっぽろ東保育園","東区","北41東6",6,5,4,18,3,5,1,2,0,0,1,1
"認定こども園かすたねっと","東区","北42東15",6,9,7,18,0,4,0,6,2,1,0,1
"認定こども園栄保育園","東区","北47東7",11,9,7,15,5,3,1,4,3,0,1,0
"札苗北保育園","東区","東雁来10-4",10,13,6,26,1,4,3,10,0,2,0,2
"もえれ保育園","東区","東雁来11-3",2,6,4,16,1,4,5,6,1,0,0,0
"かりき保育園","東区","東雁来13-2",5,15,4,18,4,6,2,13,0,1,0,4
"札幌厚成福祉会第二保育所","東区","東苗穂5-3",6,3,6,5,6,2,1,1,2,0,2,0
"札苗保育園","東区","東苗穂7-3",7,11,6,22,1,5,1,5,1,1,0,0
"モエレはとポッポ保育園","東区","東苗穂12-1",5,18,7,26,0,4,0,4,0,2,0,0
"まことさつなえ保育園","東区","東苗穂15-1",6,3,2,8,2,1,2,4,0,0,0,0
"勤医協ぽぷら保育園","東区","伏古9-2",4,8,5,8,3,5,1,0,3,0,1,0
"まことさっぽろ保育園","東区","本町2-2",4,3,4,5,1,3,3,0,6,0,4,0
"苗穂保育園","東区","北7東18",4,6,7,12,2,3,2,2,0,0,0,0
"ちゃいれっく北8条東保育園","東区","北8東19",6,4,4,11,0,2,0,2,2,0,4,0
"札幌市東区保育・子育て支援センター","東区","北9東7",7,11,8,11,3,5,4,4,2,0,3,0
"愛和新穂保育園","東区","北9東11",12,11,4,10,3,3,1,3,1,0,1,1
"光星はとポッポ保育園","東区","北15東7",7,15,8,23,0,2,0,2,0,0,0,1
"札幌第2福ちゃん保育園","東区","北18東16",9,12,3,22,2,12,1,11,0,3,0,5
"札幌市みかほ保育園","東区","北19東5","","",3,3,8,6,4,6,6,0,2,0
"心の里親保育園","東区","北19東6",7,3,5,13,1,3,2,3,2,1,1,0
"明園保育園","東区","北23東14",6,7,6,11,0,7,3,8,4,2,3,1
"元町にこにこ保育園","東区","北23東16",11,14,3,25,1,13,0,7,2,2,0,1
"アートチャイルドケア札幌元町","東区","北26東12",8,14,7,24,0,0,0,10,0,0,2,1
"はらっぱ保育園","東区","北27東6",8,13,9,20,2,8,4,7,0,0,0,0
"元町保育園","東区","北27東19",6,7,2,10,2,9,1,2,2,2,0,1
"栄南保育園","東区","北34東23",0,1,6,3,1,0,3,1,2,1,0,2
"札幌麻生雲母保育園","東区","北43東1",6,4,4,11,1,2,2,1,0,0,1,0
"栄町あおぞら保育園","東区","北43東16",6,9,3,21,1,5,1,7,2,1,2,2
"おりーぶべりー保育園","東区","東苗穂12-3",3,3,4,13,0,1,"","","","","",""
"北7条はな保育園","東区","北7東8",2,2,2,3,0,0,"","","","","",""
"あいあい保育園","東区","北11東3",1,2,2,2,0,0,"","","","","",""
"すこやか保育園北海道","東区","北11東6",3,5,4,6,0,0,"","","","","",""
"苗穂みらいのたね","東区","北12東12",3,5,4,3,0,0,"","","","","",""
"びくとりー保育園","東区","北14東13",2,4,3,4,1,0,"","","","","",""
"あんあん乳児保育園環状通東ルーム","東区","北16東15",3,1,3,4,0,0,"","","","","",""
"ぴっころきっず元町","東区","北21東20",3,0,5,6,1,2,"","","","","",""
"カシオペア","東区","北23東2",2,4,2,8,0,0,"","","","","",""
"あうら元町乳児保育園","東区","北25東12",3,3,4,3,0,1,"","","","","",""
"あうら乳児保育園","東区","北30東7",3,2,5,6,0,2,"","","","","",""
"栄町みつばち保育園","東区","北39東19",3,5,6,8,3,3,"","","","","",""
"こくあの彩保育園","東区","北43東9",1,2,8,10,1,3,"","","","","",""
"保育ママたんぽぽ","東区","北35東28",1,1,1,2,0,2,"","","","","",""
"保育ママぐりぐら","東区","北50東9",1,0,2,1,0,0,"","","","","",""
"コープさっぽろ保育園aurinko","東区","北18東18",2,2,4,8,0,1,"","","","","",""
"HeartKids保育園ハートセンター","東区","北49東16",2,2,1,4,1,1,"","","","","",""
"幼保連携型認定こども園南郷札幌幼稚園(R5.4.1開設)","白石区","栄通9","","",10,24,10,11,10,24,10,11,10,9
"双葉こども園","白石区","栄通15",13,15,3,19,0,7,0,4,0,2,0,2
"認定こども園菊水すずらん保育園","白石区","菊水1-3",12,14,8,21,1,6,0,2,3,1,1,0
"東橋いちい認定こども園","白石区","菊水8-2",6,16,3,28,1,9,0,1,0,1,0,1
"菊水いちい認定こども園","白石区","菊水元町1-1",8,12,4,22,1,7,0,3,0,1,0,3
"北都幼稚園","白石区","川下749",6,5,13,20,1,2,0,2,3,0,0,0
"飛翔認定こども園","白石区","東札幌1-4",13,26,4,38,0,11,0,7,0,1,0,0
"友愛北白石認定こども園","白石区","米里2-4",13,6,5,15,2,7,0,4,2,2,0,3
"認定こども園ピッコリーノ学院","白石区","北郷1-6",9,17,7,30,2,8,0,9,0,4,0,3
"北郷ピノキオ認定こども園","白石区","北郷2-6",9,24,11,33,2,7,3,9,0,3,1,2
"認定こども園北郷あゆみ幼稚園","白石区","北郷3-3",6,24,3,29,0,9,0,4,0,4,0,2
"幼保連携型認定こども園北郷札幌幼稚園","白石区","北郷4-5","","",6,29,0,6,10,14,0,2,0,2
"認定こども園北都","白石区","北郷4-11",6,11,4,23,4,7,0,5,0,3,0,1
"認定こども園北郷すずらん","白石区","北郷7-3",10,16,4,12,0,8,2,4,0,1,0,1
"認定こども園幌東","白石区","本郷通3北",6,11,6,21,0,5,1,10,0,1,0,3
"こども園まこと","白石区","菊水8-3",11,12,6,22,1,11,0,1,3,2,2,0
"認定こども園菊水元町第二保育園","白石区","菊水元町9-2",12,8,3,21,0,6,0,2,0,0,0,0
"保育所型認定こども園救世軍菊水上町保育園","白石区","菊水上町3-2",7,5,5,7,2,1,1,2,5,1,0,1
"保育所型認定こども園東川下ポッポ保育園","白石区","川下3-5",12,16,9,24,2,9,0,5,0,4,2,2
"保育所型認定こども園白石中央保育園","白石区","中央3-5",18,13,18,20,1,5,0,2,0,3,0,0
"北の星東札幌保育園","白石区","東札幌2-6",7,9,3,13,2,4,0,6,0,2,0,1
"柏葉保育園","白石区","南郷通15北",10,12,6,18,2,7,0,4,0,0,0,2
"認定こども園白石うさこ保育園","白石区","平和通17北",7,7,6,18,1,6,0,1,0,1,0,0
"認定こども園北白石保育園","白石区","北郷2-3",4,17,5,28,6,13,7,7,3,1,4,1
"北の星白石認定こども園","白石区","本通1南",5,14,4,12,0,2,0,5,0,2,0,1
"南郷保育園","白石区","栄通6",9,8,6,23,5,8,1,10,2,1,1,0
"大谷地たかだ保育園","白石区","栄通19",18,20,4,25,2,4,4,10,0,3,0,0
"札幌市菊水乳児保育園","白石区","菊水5-1",11,8,6,14,"","","","","","","",""
"札幌市青葉保育園","白石区","菊水5-2","","",0,1,0,15,0,1,0,1,0,1
"菊水元町保育園","白石区","菊水元町5-2",11,10,9,21,1,8,3,7,1,2,5,1
"こぶし保育園","白石区","川北2-1",4,5,3,7,0,3,2,2,2,1,1,0
"ピッコロ子ども倶楽部東札幌園","白石区","東札幌1-2",6,6,0,8,0,4,3,6,0,0,0,0
"にこまるえん白石","白石区","東札幌2-5",4,14,3,28,0,2,1,8,1,1,1,0
"札幌市東札幌保育園","白石区","東札幌3-3","","",3,2,11,4,3,5,1,0,3,0
"ニチイキッズしろいし保育園","白石区","東札幌3-5",6,15,3,24,0,2,1,9,0,1,2,0
"東札幌かすたねっと保育園","白石区","東札幌4-4",9,24,5,34,0,7,0,3,0,1,0,0
"札幌市白石区保育・子育て支援センター","白石区","南郷通1南",7,27,4,62,4,16,2,11,1,2,0,0
"札幌市東白石保育園","白石区","南郷通8北",5,11,6,19,4,6,5,12,2,2,0,1
"ポピンズナーサリースクール札幌白石","白石区","南郷通14南",5,23,4,13,0,5,0,6,0,0,0,0
"南郷通たかだ保育園","白石区","南郷通18北",4,7,1,12,1,4,0,5,0,0,0,0
"大藤子ども園","白石区","南郷通18北",10,12,10,24,5,2,"","","","","",""
"札幌愛隣舘第二保育園","白石区","平和通8北",9,9,10,15,5,8,3,6,2,1,0,1
"米里保育園","白石区","米里4-1",0,1,3,2,0,0,1,1,2,0,1,0
"北郷こぶし保育園","白石区","北郷2-10",10,6,7,21,0,2,0,3,0,0,0,0
"太陽の子札幌白石保育園","白石区","本通4北",6,10,4,14,1,5,0,7,3,2,0,2
"アスク白石保育園","白石区","本通8北",6,5,1,22,0,2,0,10,0,1,0,2
"東白石雪ん子保育園","白石区","本通14南",7,9,4,5,1,3,0,7,0,0,0,1
"ちゅうわ南郷保育園","白石区","栄通19",3,0,4,8,1,1,"","","","","",""
"もりのなかま保育園菊水元町園","白石区","菊水元町6-2",3,5,2,6,0,0,"","","","","",""
"ぴっころきっず東札幌","白石区","東札幌2-5",3,3,4,8,0,0,"","","","","",""
"ぴっころきっず白石駅前","白石区","東札幌4-6",3,4,3,5,1,0,"","","","","",""
"保育室すまいる","白石区","南郷通13南",2,5,3,6,2,0,"","","","","",""
"大藤子ども園しらかば館","白石区","南郷通18北",3,8,5,17,0,1,"","","","","",""
"木育こどもの家 白石園","白石区","平和通3北",3,7,5,10,0,1,"","","","","",""
"大藤子ども園ほんごう館","白石区","本郷通7南",3,1,4,6,0,1,"","","","","",""
"保育ママだんだん","白石区","本郷通8北",3,0,0,4,0,0,"","","","","",""
"にこまるえん南郷","白石区","本郷通8南",4,5,4,11,0,0,"","","","","",""
"にこまるえん東白石","白石区","本郷通9南",3,2,5,8,0,0,"","","","","",""
"白石よつば保育園","白石区","本通1北",2,1,1,3,1,1,"","","","","",""
"じゅんのめ保育園","白石区","栄通3",3,3,5,10,2,1,"","","","","",""
"認定こども園いちい幼稚園・保育園","厚別区","もみじ台西5",7,7,4,14,1,4,3,5,1,2,1,0
"認定こども園桜台いちい幼稚園・保育園","厚別区","厚別西611",5,8,2,19,1,6,0,7,0,5,0,3
"認定こども園第2あつべつ幼稚園","厚別区","厚別西3-4",4,7,2,22,0,3,0,7,0,6,0,0
"幼保連携型認定こども園ひばりが丘明星幼稚園","厚別区","厚別中央2-4",6,7,2,28,0,5,0,10,0,5,0,3
"認定こども園厚別さくら木保育園","厚別区","厚別東3-1",8,4,4,29,4,10,0,9,0,3,4,2
"認定こども園新さっぽろ幼稚園・保育園","厚別区","上野幌1-2",5,4,5,17,2,8,6,10,0,1,3,1
"認定こども園北光幼稚園(R5.4.1開設)","厚別区","青葉町7",3,1,4,11,5,6,5,6,2,4,6,2
"認定こども園おおやち","厚別区","大谷地東3",6,10,0,9,2,4,0,6,0,1,0,2
"厚別西認定こども園","厚別区","厚別西4-4",7,7,6,24,2,9,0,6,0,3,0,1
"認定こども園札幌わんぱく館","厚別区","厚別中央5-6",4,9,1,14,1,5,1,11,0,1,2,1
"厚別もえぎこども園","厚別区","厚別東5-7",6,7,3,12,2,2,0,1,0,0,0,0
"ひばりが丘あすなろ認定こども園","厚別区","厚別南1",3,2,3,3,0,2,0,1,0,0,0,0
"認定こども園もみじ台幼稚園","厚別区","もみじ台北5","","","","","","",2,0,3,0,0,0
"認定こども園虹の森カトリック幼稚園(R5.4開設)","厚別区","厚別東3-4","","","","","","",7,1,2,1,0,1
"認定こども園札幌あおば幼稚園","厚別区","厚別北3-5","","","","","","",4,2,2,1,2,0
"まごころ保育園","厚別区","厚別町上野幌822",6,5,6,8,0,2,0,1,1,0,0,0
"札幌協働保育園","厚別区","もみじ台西6",7,7,9,4,0,3,1,4,6,0,3,0
"もみじ台南保育園","厚別区","もみじ台南6",3,3,3,7,4,0,0,0,3,1,0,0
"もみじ台北保育園","厚別区","もみじ台北4",5,6,6,7,6,1,1,3,0,0,1,0
"きっずぱーく厚別保育園","厚別区","厚別西4-2",2,3,5,9,0,4,2,6,1,4,1,0
"札幌市厚別区保育・子育て支援センター","厚別区","厚別中央1-6",5,14,6,27,0,6,0,5,0,0,1,0
"ひばりが丘保育園","厚別区","厚別中央2-4",8,20,5,29,2,8,2,8,1,1,1,1
"厚別こま草保育園","厚別区","厚別中央3-4",11,9,11,21,0,4,0,4,0,4,0,1
"新さっぽろとまと保育園","厚別区","厚別東2-3",4,6,4,13,0,5,0,5,0,1,0,1
"厚別共栄保育園","厚別区","厚別南1",8,14,8,27,3,7,3,12,1,0,0,1
"青葉興正保育園","厚別区","青葉町2",13,17,7,29,0,5,0,12,0,1,1,1
"サクラ保育園厚別西","厚別区","厚別西2-4",5,1,4,8,3,4,"","","","","",""
"厚別西クレヨン保育園","厚別区","厚別西3-3",2,0,7,9,0,2,"","","","","",""
"ひばりが丘あんさんぶる保育園","厚別区","厚別中央3-2",2,4,4,3,1,2,"","","","","",""
"はぐくみ園厚別","厚別区","厚別南2",3,2,5,7,1,2,"","","","","",""
"みんなのナーサリー","厚別区","厚別南5",1,0,6,11,1,0,"","","","","",""
"サクラ保育園上野幌","厚別区","上野幌3-4",4,1,6,1,4,0,"","","","","",""
"認定こども園月寒そらいろ保育園","豊平区","月寒西4-6",9,26,9,38,0,6,0,14,0,4,3,1
"認定こども園しののめ","豊平区","月寒東1-2","","",5,12,1,4,5,10,0,0,1,1
"東月寒にれこども園","豊平区","月寒東3-16",15,21,5,28,1,6,0,4,0,3,0,0
"こども園・ひかりのこ さっぽろ","豊平区","月寒東4-9",16,18,2,30,1,15,0,14,0,2,0,3
"にれ第2こども園","豊平区","月寒東5-16",19,21,10,28,2,7,3,4,1,7,1,0
"こりっつ認定こども園","豊平区","西岡1-7",8,15,9,34,3,9,0,11,0,4,0,3
"認定こども園まなび","豊平区","西岡3-5",7,28,4,36,0,12,0,14,0,5,0,7
"認定こども園札幌ゆたか幼稚園","豊平区","豊平4-3","","",3,26,0,1,0,13,0,1,0,1
"さっぽろこども園","豊平区","豊平6-3",8,7,8,24,2,5,1,7,6,0,2,0
"認定こども園ひらぎし幼稚園","豊平区","平岸3-12",9,11,9,27,4,12,2,10,0,2,0,4
"認定こども園月寒西わんぱく保育園","豊平区","月寒西1-11",6,14,4,27,0,1,0,5,1,0,1,0
"東月寒認定こども園","豊平区","月寒東1-19",9,10,11,21,0,2,7,3,7,0,4,0
"認定こども園みのり保育園","豊平区","月寒東2-11",9,7,5,22,2,2,2,4,1,2,0,0
"西岡高台こども園","豊平区","西岡4-12",9,18,3,15,6,7,2,9,0,2,0,5
"認定こども園羊丘藤保育園","豊平区","福住1-3",9,10,2,17,2,3,0,6,0,1,2,0
"保育所型認定こども園 福住保育園","豊平区","福住2-9",6,9,7,10,2,4,1,1,1,2,1,1
"認定こども園中の島保育園","豊平区","中の島2-9",6,6,7,21,0,1,0,4,0,0,0,1
"認定こども園中の島スマイル","豊平区","平岸1-2",7,14,4,18,4,6,1,5,3,0,0,2
"平岸興正こども園","豊平区","平岸1-11",8,11,4,22,0,2,1,7,0,1,0,3
"平岸友愛認定こども園","豊平区","平岸2-6",9,20,0,25,2,8,0,11,0,2,0,2
"認定こども園とよひら保育園","豊平区","豊平3-11",9,8,6,19,0,4,0,13,3,1,0,1
"認定こども園なかのしま幼稚園","豊平区","中の島2-2","","","","","","",10,14,0,3,0,1
"西岡保育園","豊平区","月寒西2-10",16,14,1,19,1,6,0,5,0,1,0,0
"スクルドエンジェル保育園月寒園","豊平区","月寒西5-10",4,9,3,8,0,1,1,3,1,0,1,0
"札幌市豊平区保育・子育て支援センター","豊平区","月寒東1-4",7,14,5,27,7,12,0,6,2,3,0,0
"ピッコロ子ども倶楽部福住園","豊平区","月寒東1-15",4,5,5,7,1,1,1,1,2,1,1,0
"月寒じゅんのめ保育園","豊平区","月寒東3-11",3,9,6,27,0,7,2,8,0,2,0,1
"ピッコロ子ども倶楽部月寒園","豊平区","月寒東5-10",2,2,2,9,1,0,1,1,2,1,0,0
"中の島興正保育園","豊平区","中の島2-1",6,13,0,14,0,7,0,5,0,2,0,1
"札幌市美園保育園","豊平区","美園5-7",6,16,5,16,2,11,4,21,8,1,5,0
"吉田学園やしの木保育園","豊平区","平岸1-15",6,22,9,28,6,10,0,9,0,1,0,2
"札幌愛隣舘りんご保育園","豊平区","平岸4-1",4,10,6,20,4,6,5,19,1,2,1,0
"子どもの家保育園","豊平区","平岸4-9",10,6,3,11,0,5,0,6,1,0,2,1
"札幌愛隣舘東山保育園","豊平区","平岸4-11",4,11,10,21,0,4,5,13,0,1,0,1
"乳幼児保育クラブぞうさん","豊平区","平岸6-13",5,9,5,9,0,2,0,1,0,0,0,0
"きゃんばす平岸保育園","豊平区","平岸6-14",7,15,7,9,2,5,2,3,1,0,2,1
"札幌第1福ちゃん保育園","豊平区","豊平1-13",10,9,3,9,2,8,0,7,1,0,0,0
"札幌愛隣舘保育園","豊平区","豊平4-3",8,11,5,23,7,3,4,10,4,0,2,0
"札幌じけい保育園","豊平区","旭町7","","",10,7,0,0,"","","","","",""
"ちびっこ保育るーむ札幌ドーム前園","豊平区","月寒東1-15",3,3,6,6,1,0,"","","","","",""
"ペガサス","豊平区","中の島2-3",3,7,4,8,0,1,"","","","","",""
"はるにれ保育園","豊平区","中の島2-7",2,3,5,7,0,0,"","","","","",""
"豊園よつば保育園","豊平区","美園2-6",4,5,3,8,1,0,"","","","","",""
"ナーサリーゆめの木","豊平区","美園3-4",5,2,1,4,1,1,"","","","","",""
"えとわーる保育園","豊平区","美園3-7",3,2,8,6,1,0,"","","","","",""
"美園よつば保育園","豊平区","美園7-5",3,4,3,5,2,1,"","","","","",""
"レーベン美園保育園","豊平区","美園8-3",4,6,4,9,0,3,"","","","","",""
"あんあん保育園福住ルーム","豊平区","福住1-6",2,5,2,6,2,1,"","","","","",""
"平岸オレンジ保育園","豊平区","平岸2-6",0,0,0,3,0,0,"","","","","",""
"あんあん保育園平岸ルーム","豊平区","平岸2-9",5,2,1,11,0,0,"","","","","",""
"ひまわりsun保育園","豊平区","平岸2-11",1,0,2,7,1,0,"","","","","",""
"太陽こころナーサリー平岸","豊平区","平岸3-4",4,2,2,5,0,0,"","","","","",""
"ちびっこ保育ルーム平岸ひまわり園","豊平区","平岸3-5",3,1,2,5,1,1,"","","","","",""
"美晴の家保育園","豊平区","平岸6-17",3,5,4,6,0,2,"","","","","",""
"とよひらる~む","豊平区","豊平3-12",5,1,1,3,0,0,"","","","","",""
"さくらいろ保育園","豊平区","豊平8-12",5,2,7,9,9,2,"","","","","",""
"西岡くりの木保育園","豊平区","西岡1-8",1,4,8,10,3,1,"","","","","",""
"こどもクラブしらかば","豊平区","月寒東3-18",4,3,4,3,2,0,"","","","","",""
"札幌ドリーム保育園","豊平区","水車町1",2,1,3,5,0,0,"","","","","",""
"こころキッズワタキュー中の島ルーム","豊平区","中の島2-7",0,1,0,3,0,0,"","","","","",""
"札幌市立認定こども園にじいろ","清田区","真栄2-1",6,6,3,23,1,9,2,7,0,3,0,1
"札幌国際大学付属認定こども園","清田区","清田4-2",5,11,0,13,0,9,4,13,4,3,2,2
"認定こども園ひかり","清田区","清田6-3",6,10,12,16,0,15,10,10,10,3,4,2
"アルプス認定こども園","清田区","平岡4-3",8,10,3,21,0,4,1,9,0,2,0,0
"認定こども園北野しらかば幼稚園・保育園","清田区","北野5-2",10,7,0,13,6,3,12,11,1,3,1,0
"認定こども園つみき","清田区","里塚1-1",9,5,9,17,0,5,8,6,8,3,8,0
"認定こども園からまつ保育園","清田区","里塚2-2",9,3,6,17,6,3,3,2,0,0,2,0
"花山認定こども園","清田区","里塚緑ケ丘3",14,7,1,13,1,4,0,6,0,0,0,1
"認定こども園清田保育園","清田区","平岡1-2",12,18,22,35,3,3,2,7,0,1,0,1
"認定こども園札幌杉の子保育園","清田区","北野4-3",9,7,10,16,0,2,4,4,3,1,0,0
"認定こども園札幌きたの幼稚園","清田区","北野6-5","","","","","","",10,7,0,1,0,0
"札幌真栄東保育園","清田区","真栄5-5",3,3,5,5,4,1,2,0,3,0,2,0
"ちゅうわ清田保育園","清田区","清田1-4",6,3,0,4,3,1,4,0,3,0,3,0
"札幌南清田保育園","清田区","清田5-2",4,3,4,3,4,2,4,1,2,0,0,0
"ラブクローバーの保育園札幌清田","清田区","清田7-2",5,5,4,3,4,5,1,2,3,0,1,1
"認可保育園Lindo","清田区","清田7-4",2,4,5,8,3,4,3,2,3,1,5,0
"札幌あさひ保育園","清田区","美しが丘3-2",8,4,5,13,0,2,0,1,1,1,0,0
"さわやか保育園","清田区","平岡6-2",5,1,7,4,5,1,7,4,4,0,2,0
"ラブクローバーの保育園札幌北野","清田区","北野1-1",1,2,3,6,0,0,0,1,2,0,8,0
"札幌北野保育園","清田区","北野7-4",3,15,3,21,0,4,0,11,0,0,0,0
"緑ヶ丘保育園","清田区","里塚緑ヶ丘6",6,2,8,7,8,0,6,6,12,0,11,0
"小規模保育所mirea","清田区","北野5-3",3,2,4,5,1,0,"","","","","",""
"よつば保育園","清田区","清田2-1",3,2,4,3,1,0,"","","","","",""
"まんまる保育園","清田区","里塚緑ヶ丘6",3,1,3,5,0,1,"","","","","",""
"いちご乳児保育園","清田区","平岡1-2",5,0,0,1,0,1,"","","","","",""
"くるみ乳児保育園","清田区","平岡2-1",3,0,3,3,0,0,"","","","","",""
"さくら乳児保育園","清田区","平岡2-5",4,0,5,1,0,0,"","","","","",""
"保育ママおひさま","清田区","清田7-1",2,3,0,0,0,1,"","","","","",""
"幼保連携型認定こども園ときわみなみのこどもえん","南区","真駒内380",8,4,2,9,2,6,7,8,0,1,0,2
"認定こども園まこまない明星幼稚園","南区","真駒内泉町2",2,3,6,13,0,8,1,6,0,0,0,0
"光塩学園女子短期大学附属認定こども園","南区","真駒内上町3",3,7,3,18,0,5,7,20,0,3,0,5
"幼保連携型認定こども園澄川ひろのぶ保育園","南区","澄川2-1",9,19,0,20,0,10,3,26,0,2,0,4
"認定こども園そらいろ","南区","澄川6-11",9,21,8,31,1,14,1,25,0,13,0,12
"認定こども園札幌石山保育園","南区","石山1-4",15,20,5,31,1,12,0,26,0,3,3,4
"認定こども園澄川保育園","南区","澄川5-5",9,12,7,25,1,12,0,19,0,4,0,1
"もいわ中央こども園","南区","川沿6-3",8,16,9,27,6,16,0,16,0,2,0,5
"認定こども園定山渓保育園","南区","定山渓温泉東3",2,0,1,2,1,2,2,1,1,0,2,0
"こどもみらい保育園常盤園","南区","常盤2-2",3,6,8,4,4,1,0,4,1,0,0,0
"遊・Wing","南区","真駒内曙町3",1,4,4,12,0,2,1,8,1,3,0,0
"真駒内保育園","南区","真駒内南町1",10,18,4,21,2,12,2,17,2,6,0,1
"まこまないみどりまち保育園","南区","真駒内緑町3",9,24,5,38,0,16,0,20,0,3,0,1
"ちびっこの杜保育園","南区","澄川4-2",4,7,0,12,0,6,1,11,0,3,0,0
"大地の杜保育園","南区","川沿1-1",2,6,8,9,0,7,0,2,0,0,0,1
"ルンビニー保育園","南区","川沿9-2",3,12,3,17,3,14,2,16,1,2,0,4
"藤ヶ丘保育園","南区","藤野4-5",4,8,6,13,1,2,0,12,0,1,0,1
"もいわ光華保育園","南区","南30西8",2,7,3,9,5,3,0,3,0,2,0,1
"くまの子保育園","南区","南沢2-3",7,5,2,6,1,4,1,0,2,0,0,1
"木育こどもの家南の沢保育園","南区","南沢5-3",5,3,0,5,0,5,0,4,0,1,0,1
"札幌市南区保育・子育て支援センター","南区","真駒内幸町2",4,9,2,17,0,2,"","","","","",""
"ひろのぶ乳児保育園","南区","澄川3-1",5,13,0,14,0,5,"","","","","",""
"澄川まんまる保育園","南区","澄川3-4",5,1,5,10,0,1,"","","","","",""
"りとるkid'sクラブ自衛隊前保育園","南区","澄川4-7",3,2,3,8,0,1,"","","","","",""
"澄川いちご保育園","南区","澄川5-3",3,3,4,11,0,1,"","","","","",""
"ふれ愛澄川南保育園","南区","澄川6-12",3,5,5,6,0,0,"","","","","",""
"木育こどもの家 藤野園","南区","藤野3-2",6,6,3,0,2,5,"","","","","",""
"S.Tナーサリースクール藤野","南区","藤野3-4",3,2,3,0,3,1,"","","","","",""
"ふじのバンビーニ保育園","南区","藤野4-11",1,7,8,6,0,2,"","","","","",""
"ちゅうわ南保育園","南区","南37西11",4,1,6,5,0,0,"","","","","",""
"保育ママつぼみ","南区","南34西9",0,0,2,2,2,0,"","","","","",""
"真駒内駐屯地庁内託児所","南区","真駒内17",5,0,5,0,0,0,"","","","","",""
"もなみの里保育園","南区","石山1-1",2,0,0,1,0,1,"","","","","",""
"認定こども園宮の沢すずらん","西区","宮の沢1-2",9,17,2,33,1,13,0,9,0,4,0,3
"認定こども園西町さつき保育園","西区","西町南19",2,12,4,37,4,22,2,17,3,5,2,3
"認定こども園西野そらいろ保育園","西区","西野4-7",9,17,9,43,0,10,0,11,0,4,0,1
"認定こども園にしの(R5.4.1開設)","西区","西野9-5",12,23,20,30,17,17,17,13,12,5,12,3
"認定こども園琴似教会幼稚園","西区","八軒2条西7",4,10,7,23,1,8,1,13,1,4,1,7
"幼保連携型認定こども園幸明幼稚園","西区","八軒6条西7",0,2,5,7,0,6,0,6,0,0,0,1
"発寒にこりんこども園","西区","発寒5-3",3,15,3,17,6,10,22,22,13,2,0,6
"認定こども園森のタータン保育園宮の沢","西区","宮の沢1-1",10,31,6,66,2,22,0,31,0,7,1,2
"たかさごスクール宮の沢","西区","宮の沢2-5",9,14,7,12,0,2,0,3,0,1,0,0
"宮の沢桃の花こども園","西区","宮の沢3-3",6,6,4,13,0,8,0,5,0,0,0,1
"琴似あやめ保育園","西区","琴似2-2",5,14,3,28,3,6,2,11,0,0,1,2
"保育所型認定こども園手稲東保育園","西区","西町南13",13,14,5,33,5,10,0,5,0,0,0,1
"認定こども園西野保育園","西区","西野7-2",9,16,10,27,3,7,14,24,5,3,2,1
"西野あおい保育園","西区","西野7-8",3,14,3,22,3,2,1,6,0,0,1,0
"札幌西友愛認定こども園","西区","二十四軒1-7",10,11,1,14,1,7,0,10,0,2,0,1
"二十四軒保育園(0・1歳分園含む)","西区","二十四軒3-7",6,7,2,16,4,7,0,2,1,2,0,0
"八軒太陽の子保育園","西区","八軒3東4",13,18,2,10,3,9,1,5,2,3,0,0
"認定こども園かがやき","西区","八軒7西11",9,3,7,13,1,3,0,5,0,0,0,0
"発寒保育園","西区","発寒3-1",5,11,2,21,3,6,2,7,1,0,0,1
"認定こども園発寒わんぱく保育園","西区","発寒6-14",9,13,0,17,0,7,0,16,0,5,0,1
"札幌宮の沢雲母保育園","西区","宮の沢1-4",6,9,4,16,1,4,1,8,1,2,2,0
"琴似にじのいろ保育園","西区","琴似3-4",3,7,0,26,0,1,0,14,0,2,0,0
"アートチャイルドケア琴似","西区","琴似4-1",3,5,2,21,1,2,0,5,0,1,0,0
"山の手あすみ保育園","西区","山の手2-4",12,14,3,24,0,3,0,4,0,1,0,0
"山の手にじのいろ保育園","西区","山の手2-7",4,4,2,13,2,2,0,6,0,0,0,0
"札幌市山の手保育園","西区","山の手4-8",5,12,5,18,10,7,2,2,3,0,2,0
"ピッコロ子ども倶楽部発寒南駅前園","西区","西町北6",5,12,3,28,0,7,0,9,0,1,0,3
"西野ふれ愛保育園","西区","西野1-2",6,5,5,15,2,7,0,4,0,2,0,0
"西野中央保育園","西区","西野4-3",4,7,4,21,4,7,0,4,0,3,0,1
"ラブクローバーの保育園札幌西野","西区","西野8-5",3,5,4,10,0,1,0,4,0,1,1,0
"札幌市二十四軒南保育園 / 札幌市二十四軒南保育園(夜間部)","西区","二十四軒1-4",5,11,9,23,1,3,2,6,1,0,1,1
"アートチャイルドケア札幌二十四軒","西区","二十四軒1-4",5,8,6,16,0,4,0,6,2,0,0,0
"札幌市西区保育・子育て支援センター","西区","二十四軒3-5",7,16,2,34,4,10,1,7,3,3,1,2
"ことに保育園","西区","二十四軒4-3",6,16,2,29,1,3,2,11,0,2,0,1
"こぐま保育園","西区","二十四軒4-6",6,14,3,28,0,5,0,7,0,1,0,1
"八軒星の子保育園","西区","八軒4西5",3,4,7,12,0,2,4,3,2,0,0,1
"アートチャイルドケア札幌八軒","西区","八軒6東3",3,8,5,5,2,5,1,3,0,1,1,0
"吉田学園さくら保育園","西区","八軒7西2",17,17,4,20,0,5,2,9,0,1,0,1
"発寒ひかり保育園","西区","発寒5-6",15,15,0,9,0,10,3,8,0,2,0,2
"発寒もりのわ保育園","西区","発寒5-8",3,5,1,9,1,9,0,10,0,1,0,1
"発寒そらいろ保育園","西区","発寒8-11",9,23,9,64,0,16,3,29,0,1,0,3
"西発寒保育園","西区","発寒9-11",4,10,6,25,7,8,2,15,0,1,0,2
"ちゅうわ発寒保育園","西区","発寒9-14",6,1,3,7,0,2,0,3,1,1,0,0
"発寒たんぽぽ保育園","西区","発寒11-5",6,10,1,9,3,5,6,7,4,1,2,1
"発寒おおぞら保育園","西区","発寒14-2",9,9,3,16,1,7,3,6,0,0,0,1
"ピッコロ子ども倶楽部福井保育園","西区","福井4",5,11,8,11,2,4,0,2,7,1,4,2
"平和あすみ保育園","西区","平和2-4",10,6,2,16,0,3,0,7,0,2,0,0
"平和にじのいろ保育園","西区","平和3-6",5,3,5,10,0,2,0,5,0,1,0,0
"山の手ちびっこ保育園","西区","山の手3-4",3,0,2,9,2,2,"","","","","",""
"はぐはぐ乳児保育園","西区","西町南10",5,1,3,4,0,2,"","","","","",""
"西町にじのいろ保育園","西区","西町北15",4,1,4,6,2,2,"","","","","",""
"すまいる保育園","西区","西野8-3",2,1,4,9,1,1,"","","","","",""
"西野にじのいろ保育園","西区","西野8-8",3,4,5,5,1,1,"","","","","",""
"ころころ保育園","西区","二十四軒4-2",2,2,5,8,0,1,"","","","","",""
"こぐまハウス","西区","二十四軒4-6",3,2,4,9,0,0,"","","","","",""
"八軒あじさい保育園","西区","八軒4東1",3,1,3,7,0,0,"","","","","",""
"S.T.ナーサリーSCHOOL八軒","西区","八軒5西2",3,0,2,7,0,0,"","","","","",""
"発寒にじのいろ保育園","西区","発寒2-5",3,2,4,18,0,2,"","","","","",""
"森のタータン保育園マール","西区","発寒3-6",2,1,3,13,1,2,"","","","","",""
"森のタータン保育園コピス","西区","発寒6-9",6,10,0,12,0,5,"","","","","",""
"こどもプラザ青い鳥宮の沢園","西区","発寒6-9",2,2,3,6,0,2,"","","","","",""
"宮の沢みらいのたね","西区","発寒7-14",3,0,5,9,1,1,"","","","","",""
"発寒みらいのたね","西区","発寒12-4",5,3,4,5,3,2,"","","","","",""
"保育るーむひなたぼっこ","西区","八軒4西4",0,0,1,2,0,0,"","","","","",""
"レーベンそらまめ琴似保育園","西区","八軒2西4",6,1,3,12,3,1,"","","","","",""
"八軒西もみじ保育園","西区","八軒7西11",2,0,2,0,2,0,"","","","","",""
"発寒コグマ保育園","西区","発寒13-4",2,1,3,2,0,0,"","","","","",""
"さくらんぼ保育園","西区","発寒17-3",2,0,4,4,0,0,"","","","","",""
"手稲やまなみ認定こども園(0・1歳分園含む)","手稲区","稲穂2-5",12,14,6,21,0,6,1,9,4,1,1,2
"ていねあすなろ認定こども園(0・1歳分園含む)","手稲区","曙5-3",6,10,6,20,0,5,0,4,0,1,0,0
"幼保連携型認定こども園山王幼稚園","手稲区","曙9-1",0,2,10,24,1,3,0,10,0,2,0,4
"認定こども園まつばの杜","手稲区","新発寒5-9",4,13,6,24,4,11,3,12,5,1,2,1
"星置ピノキオ認定こども園","手稲区","星置1-1",5,16,5,33,3,7,0,10,0,3,0,1
"認定こども園ほしおきガーデン星の子幼稚園","手稲区","星置3-8",5,15,10,31,0,10,0,15,0,3,0,2
"まえだ認定こども園","手稲区","前田5-7",9,13,9,36,7,16,0,10,0,1,0,4
"認定こども園おおぞら幼稚園","手稲区","前田8-10",3,18,4,37,0,21,5,29,3,8,10,2
"認定こども園まえだ幼稚園(R5.4.1開設)","手稲区","前田555",9,6,12,25,30,23,5,16,10,6,0,14
"稲穂中央保育園","手稲区","稲穂4-7",6,5,0,14,1,1,3,5,8,1,5,0
"保育所型認定こども園手稲曙保育園","手稲区","曙2-1",18,23,6,41,4,15,6,16,3,3,0,2
"あかつき山口保育園","手稲区","曙11-1",25,11,4,11,0,6,5,8,2,1,0,0
"しんはっさむライラックこども園","手稲区","新発寒1-1",5,14,7,20,0,3,0,7,0,0,0,0
"前田中央保育園","手稲区","前田8-12",5,15,0,11,0,7,0,5,0,2,0,1
"認定こども園いなほガーデン星の子幼稚園","手稲区","稲穂2-5","","","","","","",5,5,3,0,1,1
"認定こども園手稲札幌アカデミー","手稲区","前田13-10","","",9,9,12,5,10,7,9,1,5,0
"札幌北陽保育園","手稲区","手稲山口511",6,12,3,18,2,8,0,3,2,2,0,0
"手稲桃の花保育園","手稲区","手稲本町2-4",3,12,2,21,1,6,0,5,0,0,0,0
"札幌市手稲区保育・子育て支援センター","手稲区","手稲本町3-2",7,13,6,18,1,10,3,14,1,0,1,1
"新発寒みつばち保育園","手稲区","新発寒4-1",5,8,2,13,0,2,0,8,2,1,2,0
"新発寒たんぽぽ保育園","手稲区","新発寒6-4",7,10,1,15,2,15,2,12,1,1,1,0
"宮の沢さくら保育園","手稲区","西宮の沢4-1",3,7,15,19,7,4,1,2,3,0,2,1
"手稲みつばち保育園 (R5.4.1開設)","手稲区","前田4-13",6,9,9,27,9,19,7,12,7,0,7,0
"スター保育園前田園","手稲区","前田6-11",6,12,6,24,0,7,5,11,5,0,5,0
"さより第2保育園","手稲区","富丘1-5",3,7,4,21,1,6,3,9,5,0,0,1
"富丘バオバブ保育園","手稲区","富丘2-2",4,16,0,13,0,5,0,11,0,1,3,0
"つくし保育園(0歳分園含む)","手稲区","富丘2-4",6,10,0,24,0,8,0,8,0,1,0,2
"手稲中央さら~れ保育園(R5.4.1開設)","手稲区","富丘3-5","",0,"",1,"","","",2,"",0,"",0
"あすかぜ保育園","手稲区","明日風3",6,18,3,18,2,10,0,4,0,0,0,1
"ぴっころきっず手稲駅前","手稲区","手稲本町1-4",6,2,0,12,2,5,"","","","","",""
"第2手稲あじさい保育園","手稲区","手稲本町2-2",2,10,2,19,2,4,"","","","","",""
"手稲あじさい保育園","手稲区","手稲本町2-2",5,12,2,23,0,3,"","","","","",""
"キラキラ乳児保育園","手稲区","新発寒6-2",3,2,4,5,0,1,"","","","","",""
"たからの杜星置保育園","手稲区","星置1-3",3,5,5,5,0,0,"","","","","",""
"さら~れ保育園前田園","手稲区","前田6-15",3,0,4,14,0,6,"","","","","",""
"S.T.ナーサリーSCHOOL手稲前田","手稲区","前田6-16",3,3,6,14,3,8,"","","","","",""
"さら~れ保育園富丘園","手稲区","富丘1-4",3,9,5,16,0,3,"","","","","",""
"富丘ニンニン保育園","手稲区","富丘2-2",8,13,3,20,0,2,"","","","","",""
"保育室ベリーベリー","手稲区","前田7-7",1,1,1,2,0,0,"","","","","",""
